Source,Refr,Score_Ada,Score_Small,Score_Large
Cat,Animal,0.89084786,0.6155702,0.54245096
Cat,Transport,0.8057757,0.25791907,0.30409655
Dog,Animal,0.89359576,0.5351606,0.6017302
Dog,Transport,0.7951264,0.18805675,0.28625917
Car,Animal,0.83099806,0.41002584,0.38267475
Car,Transport,0.8557697,0.49818274,0.48078674
Bicycle,Animal,0.7815848,0.27901852,0.3152597
Bicycle,Transport,0.8248488,0.32006142,0.3923093
